<?xml version="1.0" encoding="utf-8" ?>
<component name="OmniAPIAction" extends="Task">
	<script type="text/brightscript" uri="pkg:/components/OmniTasks/OmniAPIAction.brs" />
	<script type="text/brightscript" uri="pkg:/source/omniApi/OmniAPI.brs"/>
	<script type="text/brightscript" uri="pkg:/source/omniApi/OmniBaseRequests.brs"/>
			<interface>
				<field id="uri" type="uri" />
				<field id="postData" type="assocarray"/>
				<field id="response" type="assocarray"/>
				<field id="postResponse" type="integer"/>

				<field id="hostUrl" type="string" />
				<field id="apiKey" type="string"/>
				<field id="requestData" type="assocArray" value="{}"/>
				<field id="additionalParams" type="assocArray"/>
				<field id="result" type="assocarray"/>
			</interface>
</component>
