<?xml version="1.0" encoding="utf-8" ?>

<component name="sample" extends="Scene">
	<script type="text/brightscript" uri="pkg:/components/sample/sample.brs"/>
	<script type="text/brightscript" uri="pkg:/source/omniHelper.brs"/>

	<interface>
		<!-- This event triggered when user click on any button on dialog.-->
		<field id="OmniClickEvent" type="assocArray" alwaysNotify="true" OnChange="OnOmniClickEvent"/>
		<!-- This event triggered when user close dialog.-->
		<field id="OmniCloseEvent" type="assocArray" alwaysNotify="true" OnChange="OnOmniCloseEvent"/>
		<!-- This function can be called from any component or page to show omni dialog.-->
		<function name="OmniOnApplicationLoaded" />
	</interface>

	<children>
	</children>

</component>
