<?xml version="1.0" encoding="utf-8" ?>
<component name="OmniSDK" extends="Group">
    <script type="text/brightscript" uri="pkg:/components/OmniSDK.brs"/>
    <script type="text/brightscript" uri="pkg:/source/omniRegistry/omniRegistryManager.brs"/>

    <interface>
        <field id="messageStatus" type="assocarray"/>
        <field id="closeDialog" type="boolean" />
        <field id="dialogLoaded" type="boolean" value="false"/>
        <field id="clickEvent" type="assocarray"/>
        <field id="config" type="assocarray" alwaysNotify="true" OnChange="OnConfigure"/>

        <function name="OmniInitialize" />
        <function name="OmniSetUserInfo" />
        <function name="OmniShowInApp" />
        <function name="OmniDialogSetFocus" />
    </interface>

    <children>
        <OmniCustomDialog id="omniDialog" visible="false" />

    </children>

</component>
